<?xml version="1.0" encoding="UTF-8"?>
<project-private xmlns="http://www.netbeans.org/ns/project-private/1">
    <editor-bookmarks xmlns="http://www.netbeans.org/ns/editor-bookmarks/1"/>
    <editor-bookmarks xmlns="http://www.netbeans.org/ns/editor-bookmarks/2" lastBookmarkId="0"/>
    <open-files xmlns="http://www.netbeans.org/ns/projectui-open-files/2">
        <group>
            <file>file:/D:/work/mini%20project/stock_management_system(SOURCE%20CODE)/src/Inventory.java</file>
            <file>file:/D:/work/mini%20project/stock_management_system(SOURCE%20CODE)/src/Row.java</file>
            <file>file:/D:/work/mini%20project/stock_management_system(SOURCE%20CODE)/src/Search.java</file>
        </group>
    </open-files>
</project-private>
